Section,Model,Scale,Horizon,Source_file,Source_col_or_key,N,MAPE,RMSE,CVRMSE,CVRMSE_med,MAE,Bias,Precision,Recall,F1
Overall,partial_linear,all,all,sliding_results_partial_linear/error_overall.csv,row 0,,,,,,,,,
Overall,lgbm_base,all,all,sliding_results_lgbm_base/error_overall.csv,row 0,,,,,,,,,
Overall,lgbm_tuned,all,all,sliding_results_lgbm_tuned/error_overall.csv,row 0,,,,,,,,,
Overall,lgbm_corrected,all,all,sliding_results_lgbm_corrected/error_overall.csv,row 0,,,,,,,,,
ScaleHz,partial_linear,0-100,10,sliding_results_partial_linear/error_by_scale_horizon.csv,scale=0-100 & horizon_days=10,,,,,,,,,
ScaleHz,partial_linear,0-100,20,sliding_results_partial_linear/error_by_scale_horizon.csv,scale=0-100 & horizon_days=20,,,,,,,,,
ScaleHz,partial_linear,100-1K,10,sliding_results_partial_linear/error_by_scale_horizon.csv,scale=100-1K & horizon_days=10,,,,,,,,,
ScaleHz,partial_linear,100-1K,20,sliding_results_partial_linear/error_by_scale_horizon.csv,scale=100-1K & horizon_days=20,,,,,,,,,
ScaleHz,partial_linear,1K-10K,10,sliding_results_partial_linear/error_by_scale_horizon.csv,scale=1K-10K & horizon_days=10,,,,,,,,,
ScaleHz,partial_linear,1K-10K,20,sliding_results_partial_linear/error_by_scale_horizon.csv,scale=1K-10K & horizon_days=20,,,,,,,,,
ScaleHz,partial_linear,10K+,10,sliding_results_partial_linear/error_by_scale_horizon.csv,scale=10K+ & horizon_days=10,,,,,,,,,
ScaleHz,partial_linear,10K+,20,sliding_results_partial_linear/error_by_scale_horizon.csv,scale=10K+ & horizon_days=20,,,,,,,,,
ScaleHz,lgbm_tuned,0-100,10,sliding_results_lgbm_tuned/error_by_scale_horizon.csv,scale=0-100 & horizon_days=10,,,,,,,,,
ScaleHz,lgbm_tuned,0-100,20,sliding_results_lgbm_tuned/error_by_scale_horizon.csv,scale=0-100 & horizon_days=20,,,,,,,,,
ScaleHz,lgbm_tuned,100-1K,10,sliding_results_lgbm_tuned/error_by_scale_horizon.csv,scale=100-1K & horizon_days=10,,,,,,,,,
ScaleHz,lgbm_tuned,100-1K,20,sliding_results_lgbm_tuned/error_by_scale_horizon.csv,scale=100-1K & horizon_days=20,,,,,,,,,
ScaleHz,lgbm_tuned,1K-10K,10,sliding_results_lgbm_tuned/error_by_scale_horizon.csv,scale=1K-10K & horizon_days=10,,,,,,,,,
ScaleHz,lgbm_tuned,1K-10K,20,sliding_results_lgbm_tuned/error_by_scale_horizon.csv,scale=1K-10K & horizon_days=20,,,,,,,,,
ScaleHz,lgbm_tuned,10K+,10,sliding_results_lgbm_tuned/error_by_scale_horizon.csv,scale=10K+ & horizon_days=10,,,,,,,,,
ScaleHz,lgbm_tuned,10K+,20,sliding_results_lgbm_tuned/error_by_scale_horizon.csv,scale=10K+ & horizon_days=20,,,,,,,,,
ScaleHz,lgbm_corrected,0-100,10,sliding_results_lgbm_corrected/error_by_scale_horizon.csv,scale=0-100 & horizon_days=10,,,,,,,,,
ScaleHz,lgbm_corrected,0-100,20,sliding_results_lgbm_corrected/error_by_scale_horizon.csv,scale=0-100 & horizon_days=20,,,,,,,,,
ScaleHz,lgbm_corrected,100-1K,10,sliding_results_lgbm_corrected/error_by_scale_horizon.csv,scale=100-1K & horizon_days=10,,,,,,,,,
ScaleHz,lgbm_corrected,100-1K,20,sliding_results_lgbm_corrected/error_by_scale_horizon.csv,scale=100-1K & horizon_days=20,,,,,,,,,
ScaleHz,lgbm_corrected,1K-10K,10,sliding_results_lgbm_corrected/error_by_scale_horizon.csv,scale=1K-10K & horizon_days=10,,,,,,,,,
ScaleHz,lgbm_corrected,1K-10K,20,sliding_results_lgbm_corrected/error_by_scale_horizon.csv,scale=1K-10K & horizon_days=20,,,,,,,,,
ScaleHz,lgbm_corrected,10K+,10,sliding_results_lgbm_corrected/error_by_scale_horizon.csv,scale=10K+ & horizon_days=10,,,,,,,,,
ScaleHz,lgbm_corrected,10K+,20,sliding_results_lgbm_corrected/error_by_scale_horizon.csv,scale=10K+ & horizon_days=20,,,,,,,,,
Ablation,default,,,ablation_results/ablation_results.csv,name=default,,,,,,,,,
Ablation,btm_exclude,,,ablation_results/ablation_results.csv,name=btm_exclude,,,,,,,,,
Ablation,weather_tmy_forecast,,,ablation_results/ablation_results.csv,name=weather_tmy_forecast,,,,,,,,,
Ablation,weather_tmy_bias,,,ablation_results/ablation_results.csv,name=weather_tmy_bias,,,,,,,,,
Ablation,weather_tmy_raw,,,ablation_results/ablation_results.csv,name=weather_tmy_raw,,,,,,,,,
Ablation,feat_selection,,,ablation_results/ablation_results.csv,name=feat_selection,,,,,,,,,
Ablation,drop_calendar,,,ablation_results/ablation_results.csv,name=drop_calendar,,,,,,,,,
Ablation,drop_lag,,,ablation_results/ablation_results.csv,name=drop_lag,,,,,,,,,
Ablation,drop_weather,,,ablation_results/ablation_results.csv,name=drop_weather,,,,,,,,,
Ablation,drop_AMI,,,ablation_results/ablation_results.csv,name=drop_AMI,,,,,,,,,
Ablation,drop_TOU,,,ablation_results/ablation_results.csv,name=drop_TOU,,,,,,,,,
Ablation,drop_categorical,,,ablation_results/ablation_results.csv,name=drop_categorical,,,,,,,,,
Ablation,optimal_combined,,,ablation_results/ablation_results.csv,name=optimal_combined,,,,,,,,,
Ablation,contrib_calendar,,,ablation_results/feature_group_contribution.csv,group=calendar,,,,,,,,,
Ablation,contrib_lag,,,ablation_results/feature_group_contribution.csv,group=lag,,,,,,,,,
Ablation,contrib_weather,,,ablation_results/feature_group_contribution.csv,group=weather,,,,,,,,,
Ablation,contrib_AMI,,,ablation_results/feature_group_contribution.csv,group=AMI,,,,,,,,,
Ablation,contrib_categorical,,,ablation_results/feature_group_contribution.csv,group=categorical,,,,,,,,,
Tuning,baseline_cvrmse,,,tuning_results/best_params.json,baseline_cvrmse,,,,,,,,,
Tuning,best_cvrmse,,,tuning_results/best_params.json,best_cvrmse,,,,,,,,,
Tuning,n_trials,,,tuning_results/best_params.json,n_trials,,,,,,,,,
Tuning,learning_rate,,,tuning_results/best_params.json,best_params.learning_rate,,,,,,,,,
Tuning,num_leaves,,,tuning_results/best_params.json,best_params.num_leaves,,,,,,,,,
Tuning,min_data_in_leaf,,,tuning_results/best_params.json,best_params.min_data_in_leaf,,,,,,,,,
Tuning,feature_fraction,,,tuning_results/best_params.json,best_params.feature_fraction,,,,,,,,,
Tuning,bagging_fraction,,,tuning_results/best_params.json,best_params.bagging_fraction,,,,,,,,,
Tuning,lambda_l1,,,tuning_results/best_params.json,best_params.lambda_l1,,,,,,,,,
Tuning,lambda_l2,,,tuning_results/best_params.json,best_params.lambda_l2,,,,,,,,,
Tuning,max_depth,,,tuning_results/best_params.json,best_params.max_depth,,,,,,,,,
Residual,before,,,residual_correction/residual_summary.json,before.*,,,,,,,,,
Residual,after,,,residual_correction/residual_summary.json,after.*,,,,,,,,,
Residual,ridge_alpha,,,residual_correction/residual_summary.json,ridge_alpha or ridge_coefficients,,,,,,,,,
SHAP,1st,,,prev export: shap_global.csv,rank=1,,,,,,,,,
SHAP,2nd,,,prev export: shap_global.csv,rank=2,,,,,,,,,
SHAP,3rd,,,prev export: shap_global.csv,rank=3,,,,,,,,,
SHAP,4th,,,prev export: shap_global.csv,rank=4,,,,,,,,,
SHAP,5th,,,prev export: shap_global.csv,rank=5,,,,,,,,,
Alarm,base_rate_any3,,,prev export: 10_alarm_base_rates.json,any_of_3.trigger_rate,,,,,,,,,
Alarm,base_rate_prev,,,prev export: 10_alarm_base_rates.json,cond_prev.trigger_rate,,,,,,,,,
Alarm,base_rate_yoy,,,prev export: 10_alarm_base_rates.json,cond_yoy.trigger_rate,,,,,,,,,
Alarm,base_rate_ma3,,,prev export: 10_alarm_base_rates.json,cond_ma3.trigger_rate,,,,,,,,,
